index,module,source,repeats,conv_flops,input_shapes,output_shapes
0,Conv,-1,1,176947200,"[[1, 3, 640, 640]]","[1, 32, 320, 320]"
1,Conv,-1,1,943718400,"[[1, 32, 320, 320]]","[1, 64, 160, 160]"
2,C2f,-1,1,1468006400,"[[1, 64, 160, 160]]","[1, 64, 160, 160]"
3,Conv,-1,1,943718400,"[[1, 64, 160, 160]]","[1, 128, 80, 80]"
4,C2f,-1,2,2516582400,"[[1, 128, 80, 80]]","[1, 128, 80, 80]"
5,Conv,-1,1,943718400,"[[1, 128, 80, 80]]","[1, 256, 40, 40]"
6,C2f,-1,2,2516582400,"[[1, 256, 40, 40]]","[1, 256, 40, 40]"
7,Conv,-1,1,943718400,"[[1, 256, 40, 40]]","[1, 512, 20, 20]"
8,C2f,-1,1,1468006400,"[[1, 512, 20, 20]]","[1, 512, 20, 20]"
9,SPPF,-1,1,524288000,"[[1, 512, 20, 20]]","[1, 512, 20, 20]"
10,Upsample,-1,1,0,"[[1, 512, 20, 20]]","[1, 512, 40, 40]"
11,Concat,"[-1, 6]",1,0,"[[[1, 512, 40, 40], [1, 256, 40, 40]]]","[1, 768, 40, 40]"
12,C2f,-1,1,1887436800,"[[1, 768, 40, 40]]","[1, 256, 40, 40]"
13,Upsample,-1,1,0,"[[1, 256, 40, 40]]","[1, 256, 80, 80]"
14,Concat,"[-1, 4]",1,0,"[[[1, 256, 80, 80], [1, 128, 80, 80]]]","[1, 384, 80, 80]"
15,C2f,-1,1,1887436800,"[[1, 384, 80, 80]]","[1, 128, 80, 80]"
16,Conv,-1,1,471859200,"[[1, 128, 80, 80]]","[1, 128, 40, 40]"
17,Concat,"[-1, 12]",1,0,"[[[1, 128, 40, 40], [1, 256, 40, 40]]]","[1, 384, 40, 40]"
18,C2f,-1,1,1572864000,"[[1, 384, 40, 40]]","[1, 256, 40, 40]"
19,Conv,-1,1,471859200,"[[1, 256, 40, 40]]","[1, 256, 20, 20]"
20,Concat,"[-1, 9]",1,0,"[[[1, 256, 20, 20], [1, 512, 20, 20]]]","[1, 768, 20, 20]"
21,C2f,-1,1,1572864000,"[[1, 768, 20, 20]]","[1, 512, 20, 20]"
22,Detect,"[15, 18, 21]",1,8127436800,"[[[1, 128, 80, 80], [1, 256, 40, 40], [1, 512, 20, 20]]]","[[1, 7, 8400], {'boxes': [1, 64, 8400], 'scores': [1, 3, 8400], 'feats': [[1, 128, 80, 80], [1, 256, 40, 40], [1, 512, 20, 20]]}]"
